{"cameraMode":{"drawMode":0,"name":"Shaded","section":"Shading Mode"},"sceneLighting":true,"audioPlay":false,"sceneViewState":{"showFog":true,"showMaterialUpdate":false,"showSkybox":true,"showFlares":true,"showImageEffects":true,"showParticleSystems":true},"in2DMode":false,"pivot":{"x":7.379876136779785,"y":-9.314178466796875,"z":9.107845306396485},"rotation":{"x":0.11616943031549454,"y":-0.8748509883880615,"z":0.39258548617362978,"w":0.25887659192085268},"size":42.726009368896487,"orthographic":false}